Name,AdmissionNumber
John Doe,12345
Jane Smith,67890
Alice Johnson,54321
Bob Brown,98765
Charlie Black,11111
David White,22222
Eva Green,33333
Frank Blue,44444
Grace Yellow,55555
Hank Purple,66666
Ivy Orange,77777
Jack Pink,88888
Kathy Red,99999
Liam Cyan,10101
Mia Magenta,20202
Noah Lime,30303
Olivia Aqua,40404
Paul Coral,50505
Quinn Lavender,60606
Ryan Maroon,70707
Sophia Indigo,80808
Tom Turquoise,90909
Uma Grey,11011
Victor Amber,12121
Wendy Olive,13131
Xander Teal,14141
Yara Crimson,15151
Zane Gold,16161
Anna Silver,17171
Brian Bronze,18181
Clara Mint,19191
Dean Rose,20202
Ella Peach,21212
Fiona Jade,22222
George Plum,23232
Hannah Emerald,24242
Isaac Sapphire,25252
Jasmine Ruby,26262
Kevin Pearl,27272
Luna Diamond,28282
Max Opal,29292
Nina Topaz,30303
Oscar Quartz,31313
Pia Garnet,32323
Quincy Citrine,33333
Rita Amethyst,34343
Sam Onyx,35353
Tina Beryl,36363
Umar Agate,37373
Vera Tourmaline,38383
Will Jasper,39393
Xena Malachite,40404
Yuri Peridot,41414
Zoe Turquoise,42424
